{"cameraMode":{"drawMode":0,"name":"Shaded","section":"Shading Mode"},"sceneLighting":true,"audioPlay":false,"sceneViewState":{"m_AlwaysRefresh":false,"showFog":true,"showSkybox":true,"showFlares":true,"showImageEffects":true,"showParticleSystems":true,"showVisualEffectGraphs":true,"m_FxEnabled":true},"in2DMode":false,"pivot":{"x":-3.8982934951782228,"y":14.942015647888184,"z":14.186149597167969},"rotation":{"x":0.16448897123336793,"y":0.7714090347290039,"z":-0.2212436944246292,"w":0.5735111832618713},"size":2.0665619373321535,"orthographic":false}